text,class
so jew hating muslim of them  those sneaky jews all 15 milliin vs 1.5 billion of muslimsmuslims always blame the jews .,explicit_hate
Stoni is a fuckin queer...,explicit_hate
they are out smarting u . anither proof had the whites not raped the world they wud have been puny little bugs !,explicit_hate
if the people of the state don't want faggots anywhere near children  then why is federal judges allowed to overrule them ?,explicit_hate
Soros needs to die like a diseased dog in the middle of Main Street/,explicit_hate
"RT ""@_ThatGAPeach: &amp; alla my niggas hot boys , so don't bring no ice in this bitch &#128130;&#8221;",explicit_hate
"Hey @RSherman_25 you're a nigger #racismisaliveandwellbro , learn from other blacks in the league on how to conduct yourself",explicit_hate
"Just watched the scene in zero dark thirty where they pop Osama's bitch ass 
#U #S #A",explicit_hate
@fucktyler fuck you spear chucker,explicit_hate
" .  "" kill any jew who falls into your power "" "" - muhammad in ibn ishaq's sira """,explicit_hate
there are more black abortions alone than white abortions . abortion generally affects the most dysgenic groups .,explicit_hate
Of course my #faith for #baseball is off this year. BECAUSE OF #BARRYBONDS you goddamn retards!!!!!!!!!!!!!!!!!!!!!!!!!!!!!!!!!!! #morons,explicit_hate
go back to mexico don't like it leave democraps suck queers,explicit_hate
@kieffer_jason bitch was i talking to u stfu and get off my page oh bitch nigga u bout that life,explicit_hate
Don't mind black people.....hate niggers!,explicit_hate
someones clearly a stinky ass beaner...,explicit_hate
what is #romney going to do for white americans ? not for blacks  jews  israel  latinos  asians  queers  etc . #gop,explicit_hate
"Gave her that ""move it lil nigger"" push smh.. http://t.co/EKdSI8pQdD",explicit_hate
"""We're out here, and we're queer!""
"" 2, 4, 6, hut! We like it in our butt!""",explicit_hate
so get out there and vote for a staunch supporter of fetal murder you racists amirite ? cuck . you're worse than shameless .,explicit_hate
You a hoe if you crying because yo ass pregnant. It was all smiles while you was riding that dick bitch.,explicit_hate
if congress wont stop funding baby murders  we must stop funding congress pp on a cash course with congress :,explicit_hate
@IDisDummies Can you speak one coherent sentence without sounding like a nig? Seriously.,explicit_hate
the black idea of harmony is committing 100 % of homicide in atlanta . #black undertow,explicit_hate
if you hire illegals you support slavery  cheap labor needs to go  along with you  cheap bastards !,explicit_hate
"until u knock t shit out of t moslems and let them know u are most willing fight 4 urselves, u lose!",explicit_hate
RT @ajade___: everybody tryna fuck the next nigga bitch not knowin that his bitch is the next nigga bitch &#128586;&#128566;,explicit_hate
" civic nationalism is three cucks arguing about what it even means to be american ( german  british .. ) and what constitutes integration ( as well as their duty to  "" integrate "" "" their own children into the sweeping change ) """,explicit_hate
@georgiathenewsa you look like a welfare bitch compared to Latinas I date and fuck. You need fashion and makeup tips tbh,explicit_hate
can we trade a few busloads of the white southern cucks to get her on team white ?,explicit_hate
"Bill Smith DDS MTV ODB LGBTQ MMA NFL AFLCIO 

bitch pick one.

Fucking hate you.

I know you proud but shit.",explicit_hate
ban that pos plague called islam ! ! ! they are illegal here ! ! !,explicit_hate
RT @RihannaHasAids: aight game over. dykes had to ruin it http://t.co/o0CAn6gb1p,explicit_hate
finns protest against increasing number of non-white invaders | more : via,explicit_hate
"Faux Noise pundits don't like duck molester, pro-slavery racist, homophobic teabagger darling Phil Robertson either http://t.co/xXEhPHWWwr",explicit_hate
RT @602StrangeAngel: Your Swags off fag sauce,explicit_hate
"RT @obeyyreggie: stfu hoe RT &#8220;@tedddydgaf: ""I'm proud to be African American"" 
- Proud African American

""I'm proud to be white"" 
- Racist
&#8230;",explicit_hate
california : imam calls on muslims to kill and annihilate jews,explicit_hate
@RunuldoRants faggot sack,explicit_hate
" we  "" whites "" "" have been out numbered 100 to 1 by sh * tskins before and came out on top in the end . i think we've got this buddy """,explicit_hate
"  "" nice whites "" "" get a kick in the face again . """,explicit_hate
I love fuckin wit people. I be givin greedy ass nigas old as crackers wit expired cheese dey be callin me like&#8221; nigga im shittin likea goose,explicit_hate
@AnimeKing420 fight me 1 on 1 ur choice of game faggot see what happens,explicit_hate
1 more whitey down #killwhitey #whitegenocide #nigganetwork #notyourshield,explicit_hate
A nicca say he ballin ask em where his title n his deeds at not wher his clothes n his keys at,explicit_hate
"RT @twerkn4boba: "" fuck you say bitch? I will kill you "" http://t.co/3EiGzh6Q13",explicit_hate
no it makes you white wash uncle tom,explicit_hate
holohoax from jew york ( 1943 ): nazis kill jews with homicidal gas cameras ! | read more :,explicit_hate
@Buckm00se @letsargueboxing sand nigger ran over some Kidd,explicit_hate
if three psycho moozlims can cause a bloodbath like this  what will happen if they launch another attack on america ? god protect the usa !,explicit_hate
@McwilliamsBrett shut your legs hoe,explicit_hate
RT @CHlLDHOODRUINER: who else hated this bitch nigga ?? http://t.co/8jwGmV4Yet,explicit_hate
RT @FAAMMoverALL: This nigguh Chris Paul,explicit_hate
that's a anti white agenda perpetrated by the jews,explicit_hate
@DavetheBrave1 that hoe on some other shit bro rt and 100x better rn that a nigga high,explicit_hate
"' If this ugly ass niggah can be with her , I can too . Tf she with Chuu Baka for anyways this niggah look like a... http://t.co/lVNDRDPpQT",explicit_hate
Who takes mid from the best midlaner NA??? Fuckin solo Q fags.,explicit_hate
"RT @Bidenshairplugs: Anybody who trashes their own neighborhood after a perceived injustice is a fucking moron. 

#Ferguson",explicit_hate
"RT @DefendWallSt: ...wow? RT @1SleepingGiant: Whatever! Fuck all those assholes. They're niggers, they all look alike to me.",explicit_hate
"@kmdk83 @BeautifulMined
I hopes dis ain't cause he colored cause I knows he be actin all nigga like",explicit_hate
Wish I coulda said more to @EmmaleeeParkerr tonight. Good seeing you fag. &#128540;,explicit_hate
i'm concerned about white cops being targeted by racist black thugs not with what color annie is or if a black man can play james bond !,explicit_hate
Most niccas broke but always n the limelight,explicit_hate
not a fan  but agree with you on the 20 and 30 something #cuckservatives . their columns are #yuge ammunition for trump,explicit_hate
@prettygrl_rocky ugly dyke,explicit_hate
@wutkarina Alright fag,explicit_hate
" rt there are very few  "" white supremacists "" "" in charleston . there are more blm racist activists than any other extremist group . """,explicit_hate
@aasthaxoxo oh shut your mouth i was talkin about the morning you fag,explicit_hate
"RT @kcarmouche: How you real, don't put NO money on you nigga books? But chu buy a bitch Chanel just to hit the Puss!",explicit_hate
"@coughlan616 Youre racist against white people whigger. Anti-Racist is a codeword for anti-white.
Anti-zionist is a codeword for antisemite.",explicit_hate
" got to side with roosh on  "" promotion of masculinity "" "" which is anathema to preening  effeminate cuckservatives """,explicit_hate
For all we know this nigga a rapist. Y'all hoes dumb &#8220;@daniellathepimp: *melts* http://t.co/RRROzn5bdy&#8221;,explicit_hate
RT @FemsHaveBallz: You can no longer run a business n America unless it's deemed acceptable by 1 political group of retards known as democr&#8230;,explicit_hate
#hindurise will we wait till #diwali is banned & #navratri cancelled ? ? stupid hindus wake up before it is too late,explicit_hate
good blm is a racist hate group and should not be getting any press . let them die in the media,explicit_hate
RT @Meet_Nallah: &#8220;@mckenxcassie: Some of y'all hoes so worried about y'all eyebrows y'all forgot y'all had a mustache &#128514;&#128557;&#128557;&#8221; LMAO,explicit_hate
@klejdys He may be 'hustlin' but he studied Critical (Race) Theory and 'my people' Holder is getting his 'revenge.' They hate whitey.,explicit_hate
"@bad_boy_six @ksteven37 
Here ya go wetback, eat this.. http://t.co/kf6PgZvH5G",explicit_hate
Only retards retweet fuckry,explicit_hate
#kukluxklan forever !,explicit_hate
It's a lot of Uncle Tom ass niggas out here.,explicit_hate
how can i report you for being a reject inbred piece of shit?,explicit_hate
@Flow935 jus wanted to let y&#225;ll know hope the hurricane kills your soca sunday trash #LORDWILLIN,explicit_hate
You have my word we will RT @JRwrz: @Thotcho beat those fucking faggots pls,explicit_hate
This nigglet &#10084;&#65039;,explicit_hate
@krispy717 @grizzboadams fucking gay faggot look at that gay ass pink shirt haha,explicit_hate
where white supremacist trash goes for its shotgun weddings .,explicit_hate
#marchagainstsharia interfaith is a lietaqiya is islamic lie to the infidel then muslims will kill america,explicit_hate
"RT @ChingonAbe: &#8220;@staycoolwheels: @mjs79 well he is at Genos. So he is the ultimate faggot&#8221;
@elmaestro1 got to show this queer how to eat &#8230;",explicit_hate
for that  cucks have been well trained for decades by ( ( ( conservatives ) ) ) . america deracinated .,explicit_hate
"if you can't stop the trannies, you aren't gonna stop muhammad, m8.",explicit_hate
raping beautiful white women because their women are vile and ugly .,explicit_hate
RT @__J_R: Smh nigga is mildly retarded RT @Thotcho: LMFAO RT @JustDoJ: If Griff wasn&#8217;t injuries we&#8217;d legit be 6-1,explicit_hate
RT @jjauthor: US ghettos-driven by liberal ideology; forged by unions &amp; bankrupted by self-serving Dems catering to parasites!#tcot http://&#8230;,explicit_hate
its not islamophobia when they really are trying to kill you,explicit_hate
@real5Hfacts stfu u ugly dyke,explicit_hate
"RT @ItsSonGoku: When niggas ask me ""Where the hoes at?"" http://t.co/eg6gxgGzFC",explicit_hate
@RepulsiveTool And the only band that sucked worse live is those fags Guns &amp; Poses.,explicit_hate
This nigga over here telling me he dont fuck with this bitch . When he do &#128553;&#128514;&#128514;. Or maybe she lying lol,explicit_hate
@Stonisnipezz this is a joke right? You're on here like ugh I wish I was a jap and tweeting in gook and shit and jerkin to hentai.,explicit_hate
I like taking niggas hoes but I stop doing that &#9995;,explicit_hate
#DTLA is trash because of non-Europeans are allowed to live there.,explicit_hate
RT @jezzzz_: &#8220;@Ginga_Snaps13: @jezzzz_ @ShitPussiesSay Jessica I'm not afraid to slit your throat tomorrow&#8221; @RitenourSchools @BarackObama @&#8230;,explicit_hate
they're working on a bill to prevent retards from voting. who knew retards COULD vote? things are starting to make sense now.,explicit_hate
cuckservatives : ben sasse calls out jeff flake,explicit_hate
@heyyayled do i have to repeat myself u white trash,explicit_hate
RT @InfidelAlie: Yay for America &amp; Israel... we put in more Jew Hating muslim trash into our government! pathetic &amp; sickening,explicit_hate
human being is a white termanimals ... are what is left when whites close their lips,explicit_hate
RT @Leslieeeixta: Bdubs is packed with beaners &#128557;&#128514;,explicit_hate
See&gt; Its a FINE LINE&gt; Killing #faggots doesn't change the source of their creation. Which is #Stupid PEOPLE #overbreeding&gt; #PERIOD&gt;,explicit_hate
breaking : 17 black thugs arrested for burning white girl alive ... the msm is silent via,explicit_hate
"Can&#8217;t wait to humble these niggas in the playoffs again. Until then, good job hoes",explicit_hate
filthy white trash is all you are . filled with the devil's hate,explicit_hate
My best friend loves Justin beiber what a fag &#128557;&#128514;&#128557; @Cryystalina,explicit_hate
@__Black_Jesus yea I forgot I was talkin to a degenerate faggot,explicit_hate
Stupid teabagger restaurant making customers pay 'Minimum Wage Fee' http://t.co/gJKXmzIIzS,explicit_hate
RT @salomanizor: Too many faggots on here that think they can address me by my first name,explicit_hate
because it offends leftist shitlib sensibilities  white people,explicit_hate
RT @DRNRDX: @BrandonFxrd you're not safe pussy boy looooool http://t.co/TocJ1WxRYK,explicit_hate
@white_thunduh my bitch dont want your ugly ass gtfo ol peyton manning lookin ass,explicit_hate
Niggas wear wigs more than bitches these days.,explicit_hate
@TreTyler_108 That's actually non-English. Because #okiecops are filthy white trash who are all criminals.,explicit_hate
@SAMMI_boyden bruh we can finally roll like rednecks (': ((drug dealers)),explicit_hate
"saudi arabia is a disgusting, inhuman regime. truly evil. lower than vermin. still, business is business. kerching!",explicit_hate
RT @_2kkz: This faggit bitch tried to say she hoe'd for hd bearfaced bitch yusa fag,explicit_hate
RT @_asslxrd_: my inner nigger is coming out,explicit_hate
@MakeAnothaHov T.o. was a faggot crybaby,explicit_hate
I know righttt RT @dta_87: I hate fat loud bitches,explicit_hate
fat bitches fat bitches heeeey,explicit_hate
democrats want to keep these 3rd world losers in hopes of them voting democrat and bringing in millions more via chain migration.,explicit_hate
if people trace the history the jews are behind white genocide it's the same fight hitler had & he sho,explicit_hate
yes kill all christians,explicit_hate
RT @lmfaohilarious: Never go full retard http://t.co/LMk3TX5ViC,explicit_hate
What a fucking faggot,explicit_hate
be brave and admit you a / zionist racist full of hate islam historicallywhat about your money collect,explicit_hate
" rt  "" an imam is demanding the extermination of the jews "" "" ( via vladtepes ) the jew hate is mainstream islamic ... """,explicit_hate
"RT @marylene58: ""@maggietanquary: shes one of the ugliest women Ive ever seen. Cross between a reptile and a crow."" http://t.co/jsyAoguP4S",explicit_hate
" that's b / c us mass media controlled by jews & aussie-brit murdoch family don't represent the  "" interests "" "" of american people """,explicit_hate
there you go snowflake  play the race card . securing the borders is not racist,explicit_hate
i hate black people  if it's not white it's not right #kkk #whitepower,explicit_hate
hippos : keeping gas stations nigger-free since 1921 | more : via,explicit_hate
" i support slavery so much i think it should be brought back .  "" people "" "" worked and were well behaved back then . """,explicit_hate
I can't fuck a scary hoe.,explicit_hate
" jews are only  "" white "" "" when theyre shilling for something . """,explicit_hate
"&#8220;@iamkrause: No need to thank me, killing niggers is it's own reward.&#8221; 

Dis my pal from our graduation when we was 26",explicit_hate
too white  not right : non-white hysteria over white as snow miss france via via,explicit_hate
#California is full of white trash,explicit_hate
" a jewish attention-whore homosexual who  "" prefers "" "" congoid men thinks he speaks for the dwindling white race """,explicit_hate
moslem invaders will bring an end to #,explicit_hate
"@RevolutionUK_ Jesus I would love to do that and more to those muzzie torturers, fucking animal savages",explicit_hate
churches self segregate peacefully and maintain white homogeneity . what's your iq ?,implicit_hate
"if he wasnt here 2 start with, kate would b alive. same w my sons killer.no illegals in zero crime by illegals.#noamnesty #buildthewall",implicit_hate
"in an industry of smart, spergy whites & asians, it wld be remarkable if there weren't dissident rightists.",implicit_hate
" call them  "" anti white "" "" cause that is what they are ! #whitegenocide """,implicit_hate
"I made a Chad tinder profile Females don't care how vulgar or disgusting you are when you're attractive, if I was to say the same things I've said to these people with my real picture they would call the cops on me  So far I've had 60 matches and none of them were disgusted by my messages, which were asking for sex straight up",implicit_hate
the whites need it  it is privelege reduction therapy goy,implicit_hate
But you're not REALLY disabled. You look so pretty!,implicit_hate
while the islamic right chops off hands and forcibly stops a book reading session of an author. that's alright?,implicit_hate
everyone prefers their own race and culture . churches are mostly white  black  korean etc . blacks now want black only dorms etc .,implicit_hate
How do you stop black kids from jumping on the bed? Put Velcro on the ceiling,implicit_hate
"A black guy finds a genie in a bottle Any three wishes he had would be granted, the genie informed him. ""I wanna be rich,"" said the black guy. The back yard filled up with chests of gold coins and jewels in the blink of an eye. ""I'm no fool,"" said the black guy. ""I wanna be white."" And there he stood, white, blonde-haired and blue-eyed. ""Last but not least, I never want to work another day in my life."" And he turned black again.",implicit_hate
"Since Harriet tubman is on the 20 dollar bill now, is it worth 3/5 of a 20 now?",implicit_hate
" native german children forced to cook & clean for muslim immigrants as part of  "" work experience "" "" via """,implicit_hate
it's okay to be fellow white,implicit_hate
no regrets ! way to go guys . no more white shame . no more white guilt .,implicit_hate
i see that all the time  too . i think the mixed race baby figures are underestimated . white women have gone nuts for this path to single motherhood .,implicit_hate
1 ) they have courage of conviction  those white men who publicly gather as white men . thei,implicit_hate
reverse all engines ! make america white again .,implicit_hate
if you don't think that we  as a country  do not have illegal immigration problems .. read the statistics carefully !,implicit_hate
: jw is a truth organization not a hate orginzation . islam is all about hate . #ar,implicit_hate
the republican party is not pro white . people need to shed themselves of that delusion and build a white party !,implicit_hate
ethnic norwegians disappearing as non-white colonization intensifies | read more : via,implicit_hate
we need to start enforce our laws . removing illegals and getting control of our visa's .,implicit_hate
the subcontinental-darkies climbed the america's political / corporate / social ladders faster than other asian groups,implicit_hate
where ? show me examples of white on white crime in republican controlled cities that resemble chicago  baltimore and detroit ? ?,implicit_hate
chin up . we'll all soon be compelled to accept everybody is a racist ( the right thing ) when gene editing / life extension science is commercialized + competition for white / asian dna makes it irrefutably clear the negroid dna has no commercial value : ~ 100 yr extinction event,implicit_hate
another l for the white people y'all need to get her asap,implicit_hate
ending daca is a step in the right direction . we are the rightful heirs to what our ancestors built .,implicit_hate
I don't know how well this software [facial recognition software] will work in places like Asia because all Chinese people look the same.,implicit_hate
populist = american . so racist is code for anti-white  populist = american . as opposed to rentier transients .,implicit_hate
"Believe me, my son is NOT gay. He has never once touched a Barbie, he's built like a linebacker, and he's a real man's man.",implicit_hate
why shouldn't we be out in force and messaging on the scene immediately after each and every attack on our people by non whites ?,implicit_hate
they sent the europeans to america to do all the things isis is doing  to demonize white people and christianity,implicit_hate
time to get the truthabout radical islamor buy a casketno joke,implicit_hate
we must secure the existance of our people and future for the white children ! !,implicit_hate
trumps agenda is not to white americas benefit ! jared kushner is a kabala practicing jew and he advises trump . look elsewhere for a white victory !,implicit_hate
black man openly fantasizes about slaughtering white girls during race war ( video ) #swrm #racist via,implicit_hate
yep . the white mormon tabernacle choir is a hate group according to the white-hating jewish splc ...,implicit_hate
"as if muslims at the border will admit they want islamic law. """"do you believe gays should die?"""" """"no."""" """"ok, in you go.",implicit_hate
"yes legal immigrants only. stop heroin traffic, jihadists, save jobs. a no brainer, no hrc no problems!",implicit_hate
dr . david duke : will the white race survive ? ( video ) #flegs #onthehill #tweetni via,implicit_hate
lovely pictorial . white people are civilization .,implicit_hate
"stop 'warehousing' them and send them back where they came from! no visa, no stay--gone!!",implicit_hate
proving that the opposition to white nationalists are degenerates !,implicit_hate
good to know that is 100 percent #altright . #hailloomer !,implicit_hate
waffen-ss reenactor t-shirt from the white resister | read more : via,implicit_hate
this selfie is so white  i love it .,implicit_hate
thanks for all that you do for #white #awareness  you and are ours white superheroes !,implicit_hate
cair national think you might be surprised how far americans can turn the clock back when we've had enough !,implicit_hate
we also have these people speaking out on the dangers of islam to the west,implicit_hate
most white south africans see americans as ignorant stupid fools like george w bush .,implicit_hate
"from what i understand most major religions all pray to the same god . after tragedies often i hear ' god has a plan ' well , frankly i think they are right . like after sandy hook , you know , like <number> kids were murdered . that was part of gods plan . i mean , how else is he going to keep coming up with virgins for the suicide bombers .",implicit_hate
deflection-projection . the only real violence comes from antifa types who go out of their wa,implicit_hate
this is what your pathetic good white sentiment will get you . take notes people .,implicit_hate
33 % mps have criminal records  82 % are myjihad islam muslims #arvindjailed leaving for delhi,implicit_hate
white power brothers,implicit_hate
"Via @VDARE‍, article on how the death penalty improved the European gene pool by removing the most violent and least religious young men: https://www.vdare.com/articles/death-penalty",implicit_hate
whites are finally beginning to vote like other races--in their own interests .,implicit_hate
john friend's blog : the realist report - john kaminski & john de nugent : resisting the jew world order :,implicit_hate
you jihad enablers are so filled with hate  it oozes out of your every utterance .,implicit_hate
"build the wall, and a moat to drown them too",implicit_hate
most of these lawsuits could be dismissed if we had reasonable constitutional judges! illegals have no constitutional rights!,implicit_hate
atlanta hawks poor attendance is blamed on black crowds making southern whites uncomfortable :,implicit_hate
born in america  you waste of space . all you people bring to this world is hate and negati,implicit_hate
" rubio supporters voted cruz & the  "" trump hates israel "" "" quotient was like ron paul years . ron paul deserves blame ; stayed home """,implicit_hate
with blacks on the bottom of the social ladder you cannot put faith in those designed to maintain you there,implicit_hate
the only thing they should be entitled to is a swift deportation,implicit_hate
"amazing, she's a candidate that conspires with illegal immigrants for votes, wow and she wants to be president",implicit_hate
"poison ivy league schools. higher """"macademia"""" bunch of nuts! let'em sponsor unvetted from 7 terror nations!",implicit_hate
"I just think that the feminist movement glorifies obesity. It should focus on being healthy, because what it's doing now is just as bad as the mainstream media!",implicit_hate
" rt the #kosher food #scam getting into prisons .  "" demands for kosher food hiking prison costs "" "" #judaism #greed """,implicit_hate
the conservatives have failed to conserve what really matters . it's time they made way for nationalism .,implicit_hate
white guilt,implicit_hate
" will  quick question : if a black guy decapitates a white guy bc the color of his race will your headline say a )  "" reparations "" "" or b ) "" "" we need to do more to listen the oppressed communities "" "" ? """,implicit_hate
what's worse ? isis or the united gop / dnc attacking what's left of white southern heritage in america ?,implicit_hate
see  literally being white is racist #whitegenocide,implicit_hate
you mean the constitution written by white people for white people ? those conservatives would deny that !,implicit_hate
white = racist,implicit_hate
"gramps would leave the door unlocked during the summer hoping someone broke in, free labor in lieu of buckshot and a 3 sec headstart",implicit_hate
it is tragic ... because the white race has accomplished so much and we are responsible for so many great,implicit_hate
only in america can a muslim bonnie and clyde terrorist team kill and the white man gets blamed for it .,implicit_hate
: discussion time : morality and the potential destruction of white civilization via,implicit_hate
europe is being flooded with africas and muslims atm by globalists supported by european antifa . you are what you hate so much,implicit_hate
What do you call a white girl who’s faster than her brothers? A redneck virgin,implicit_hate
" why ? when black pride / hispanic pride / asian pride / muslim pride / jewish pride / even  "" gay "" "" pri """,implicit_hate
weimerica . ok ! i will die in a few years  protected . message as a pro white,implicit_hate
and white people do not need black people for anything at all you need us we don't need you,implicit_hate
that negates the global system of white supremacy ?,implicit_hate
"while in india ,they breed like mosquitoes & actually push around majority hindus! !",implicit_hate
no  not them . they're on the stupid side of the spectrum  but they're not vocal white power enthusiasts ( etc ) .,implicit_hate
michelle obama goes on racist tirade against white men at womens conference in pennsylvania,implicit_hate
Did they try turning Stephen Hawking off and on again?,implicit_hate
the white genocide manifesto via,implicit_hate
cnn wants black people to think the president is racist . look around you,implicit_hate
no. stop immigration from countries where they grow oil and dirt. total shutdown. us gov't is incompetent seiu.,implicit_hate
in us  black lives matter is not racist but kkk is ? questions about sincerity and seriousness . if blm is not racist  kkk cannot be .,implicit_hate
indians are pre colombians . white people founded and built usa .,implicit_hate
: white pill time : richard spencer helps to lead torchlight procession in support of white southern h,implicit_hate
#NAME?,implicit_hate
another anti-white hate crime by a muslim .,implicit_hate
white people are the mainstream . accept it . it's a good thing .,implicit_hate
"yeah, black people know how to use weapons the day they are born. i'm white!",implicit_hate
white race has lost sense .,implicit_hate
great news  it's about time us white folks did somethingl,implicit_hate
only certain groups of whites are degenerate .,implicit_hate
What do bikes and black men have in common? The chain,implicit_hate
all black people are racist .,implicit_hate
"third world immigration will destroy western civilization long before climate change, and who gives a shit if the brown people who replace us have comfy weather?",implicit_hate
no god damned amnesty to any illegal aliens,implicit_hate
" are jewish groups going to demand massive non-jewish immigration into israel ? or is  "" diversity "" "" only for the west ? """,implicit_hate
Why do black people turn left? Because they don't have rights.,implicit_hate
antifa & other commies will be there  of course . if cops standdown like #charlottesville  mi,implicit_hate
Having a criminal record is more attractive to women than having a PhD A violent alpha male is the ultimate sexual desire for women.,implicit_hate
do yall blaze up on hitlers bday 420 sieg heil blaze it ?,implicit_hate
"they're not evil, or sad.they're obnoxious as hell. they're like a shitty smell in the air caused by hatred and jealousy of decent people.",implicit_hate
"are you ready to be waterboarded yet, sean? still waiting!",implicit_hate
"i was going to go poster the local synagogue with these, hail victory my fellow fashy goys! teehee",implicit_hate
: new black panther negroes started mobilization to burn white communities,implicit_hate
I’m starving and scared That I might offend Africans because I’m culturally appropriating them,implicit_hate
" all white heritage is hate ? what about all the bad things blacks and asians have done ? or do you have a double standard cuz '  "" oppression . "" "" """,implicit_hate
trump is the only one willing to stop white genocide by stopping non-white immigration .,implicit_hate
"oooohh no.. that's just their welcoming committee, religion",implicit_hate
so zhids ordered stupid employees poor jew and other white collar working classlemmings that cal themselves,implicit_hate
anti-whites will demonize any white person focusing on their race in a positive way . but if you look at,implicit_hate
ethnic dutch a minority in big cities  so how do they integrate ? #swrm #minority #integrate via,implicit_hate
i dont care .. i care about my people .. i want total separation with other races .. total apathy  is my policy .. i know its so wayciss  right ?,implicit_hate
"white workers built roads, railways and bridges. were stockmen, railroaders and river men.",implicit_hate
don't they realize we can nuke them off the face of the earth?#arrogantfornoreason,implicit_hate
white south africans trapped like frogs in boiling water anti-white racial violence escalates #swrm #whitegenocide,implicit_hate
"It doesn't matter suicide rates are going up in Black communities, The race was killing itself anyway.",implicit_hate
blm $ 1million dollars would go along way to help in your causes ! i guess illegals are more important ! crickets,implicit_hate
" incredible how sf  "" leaders "" "" want a policy where the cops tip off illegals & not cooperate with ice ! absolutely incredible ! ! """,implicit_hate
infrastructure is the white mans game .,implicit_hate
german antifa call for the rape and genocide of ethnic germans | read more : via,implicit_hate
: alright ted kaczynski  mail bomb your way to a white ethnostate . while o,implicit_hate
" otherwise you hear these same black people . that are ment to represent you ... say you are an  "" uncle tom "" ""  race traitor and you know what els """,implicit_hate
" 3 ) here is another example of #portland organizer jake von-ott being  "" not a white supremacist "" "" """,implicit_hate
"if the west is so desperate for migrants, take indians! they are family focused, hard-working, ambiti",implicit_hate
"Yes, you're both. @kfuru16: My sister is a woman and Asian. She is the worst driver in America #notracist #notsexist",implicit_hate
" that's why i tell the people calling that flag racist & hate  "" oh you want to see a ' racist & hate ' do you ? "" "" """,implicit_hate
#NAME?,implicit_hate
aclu needs to be put out of business it certainly is a front for illegals. take your threats and shove it,implicit_hate
mr . those who fell into the hands of islamic invaders had only two choices - either convert or get killed .,implicit_hate
sweden  once a proud scandinavian country  has fallen to disgrace . americans  hold on to your heritage ! there is hope !,implicit_hate
stand on line like legal immigrants do. don't confuse us with ppl breaking the law. illegals immigrants are illegal. end,implicit_hate
#germans are great people stop #jews an others from degrading your race an be #proud you #white #heritage,implicit_hate
"the problem with the swamp, it is more interested in foreign nationals than american citizens",implicit_hate
absolutely! throw the trash out and build a wall! americans say no more!!!,implicit_hate
will is the first step to action . but you're right  strong action will be necessary to save europe for the white race .,implicit_hate
jew says he's gonna kill judge,implicit_hate
I always love when @kathy_doermer and I vent about bitches &#128076;,offensive
"@kvngkendric_ fight . Expose hoes , do some super gay shit , anything negative , since that's how society works.",offensive
I snorted shit with more girls in my presence than a dude lmao coke head bitches..,offensive
"Bang, bitch, you think I'm strange, bitch? It's bananas like a fucking rangatang bitch

#vote5sos
#EMABiggestFans1D",offensive
"RT @SenorSteez: Man, now these hoes know &#128514;&#128176;&#128182;&#128184; #TheJigIsUp http://t.co/8W9Ag3bx1a",offensive
bitch i will cut you,offensive
RT @reshell_: Keshun be like it aint nothing to cut that bitch nawl it aint &#128557;&#128514;&#128514;,offensive
"I asked my two best friends to describe me in three words, I get back ""boss ass bitch"" and ""short, feisty, and Mexican."" I love my friends.",offensive
Just cleaned this bitch. #BoyfriendsTruck #Clean #InsideAndOut #Ram1500 #TookForever #NoFliter&#8230; http://t.co/Bvb0LRisHY,offensive
RT @shantybear: bitch do I entertain you? Cause you always seem to be in my business,offensive
"@WaTch_Mark @WaTch_Scenario Normally I would say she must have a great pussy but since I've seen it, that's not true so idk what it is.",offensive
RT @TheBardockObama: People downloading time hop to be reminded they were faggots a year ago too,offensive
@grandeftlou and bullying? I didn't know u could bully over the internet?? And the bitch came at me so idk why u in my mentions bruh,offensive
"&#8220;@GoldieMack_: &#8220;@Treslyon: @GoldieMack_ shit where you from&#8221;

Baltimore...&#8221; Man them hoes fine &amp; crazy",offensive
"RT @ThugginLegally_: Twitter jail is pointless your suppose to tweet , they need instagram jail for hoes doing Shout out for shout out all &#8230;",offensive
"""They Faggots @JonnieSantana: Orioles petty as fuck...got swept up outta this bitch""",offensive
""" is that ya bitch """,offensive
RT @B_Laff: &#8220;@JRohrCockblock: im a faggot&#8221; @JohnnyRohrCock,offensive
RT @coolgirl71899: bitch act like she never seen a face mask #bitchplease http://t.co/uQQ0K8H89l,offensive
RT @RnadJorell: &#8220;@_KudaBrazyy: @RnadJorell Knocked that bitch soul out her body lol&#8221; aha bruh cocked back an fired on that bitch,offensive
@_ElenaRaquel_ its swag bitch aha,offensive
Watching Forrest Gump has taught me that these bitches wanna hoes until they're tired,offensive
And it's always the black bitches that's constantly late AF for no reason. Couldn't refuse the ladies in free til 12 &amp; $1 shots,offensive
"RT @JamesNasty: Here I am, ready to rant about gfs and dogs and tears and women who cant handle their liquor and get jealous of club hoes a&#8230;",offensive
These hoes ain't loyal...,offensive
"""I only be with older men cause they're more mature""

That supposed to fool us bitch?",offensive
Then there's this stupid bitch in my class that literally has to ask a question every time the professor says something.,offensive
You at the club EVERY week bitch get a life,offensive
RT @paidinfull_4: &#8220;@brennonthekidd_: what would u do? .. &#128561; http://t.co/RisLnwWIeR&#8221;kick that bitch down the stairs!,offensive
RT @KILLSheredon: you the nigga in high school who got shoved into lockers and thrown into trash cans @TvvitterRoasts,offensive
I be like nigga you's a real mark ass bitch for that lol,offensive
A nicca ain't do shit all day,offensive
Tail light out not giving a fuck Rollin up on a bitch wit da head lights off,offensive
@WyattNuckels shut up niglet,offensive
"RT @MrBrenBren: ""@1waynostra: These bitches crazzzyyyyyy"" maaannnnn",offensive
"RT @carterazoo: My nephew on Adam Rose: ""I bet he ain't got no hoes though.""",offensive
Detroit nicca but I'm good in the A!!,offensive
"RT @TheFakeESPN: Johnny Manziel&#8217;s bye-week stat line:

Bud Light Platinums: 23 | Shots of Patron: 8 | Side bitches: 5 | Fucks given: 0",offensive
I dont love these hoes .,offensive
"Momma always told me I was crazy , am the hoes say I'm amazing but I don't listen to a lady !",offensive
This office is used to pound some&#160;pussy http://t.co/x8jlLf0fA9,offensive
Lashontae a bad bitch times 3,offensive
"RT @Matthops82: In conclusion, Lois Lerner is a giant bitch.",offensive
"RT @Kash_Stackz: Him: your nudes are safe with me.
Her: *sends nudes*
Him: *calls homie* aye, why this hoe send me this trash ass nude, yu &#8230;",offensive
Trap drugs be getting all kinds of bitches lmao,offensive
"@letsdancemofos @markkelly1983 haha, I've swatted that little bitch around all night, starting to feel a bit sorry for him, seriously.",offensive
Just said bye to @ParkerWidly. Last time I have to see his bitch ass for four months #ThankGod,offensive
I should've fought you when I was over there if only I was myself and I haven't popped that talking about u only need two hits bitch please,offensive
Light skin niccas always wanna try to be Ike Turner! Lol RT @LuckyLucci5: @VonshayeB only if u can take one back&#128514;&#128514;&#128514;,offensive
Stop giving these hoes half azz Dick plow it deep make her scream nd cream http://t.co/hwBWj9ui,offensive
"RT @fOREiGNCRAZi: Nosey ass hoes , I hate em. Always finding shit but can't find a man to date em &#128530;&#9995;",offensive
RT @woohdakidd_74: &#8220;@Shane_A1: I did use to buy 2 tees n wear both dem bitches at the same time&#8221;lame ass lol,offensive
I tell this bitch followback. She RTs me saying followback. Then doesn't followback. Blocked like fuck,offensive
Damn this bitch nasty lol,offensive
"They be looking at Tom Brady while he going off on tge sidelines like, Whatever bitch. Lol",offensive
"RT @ShabbaCranks: Running a train is fucking a bitch, you finish. Then somebody else come in and fuck the bitch. That's a gangbang speak of&#8230;",offensive
My Instagram song ain't bout me postin pictures it's about how hoes not allowed to post pictures of me and I ain't posting none of them &#128076;,offensive
Japanese teen has her trimmed pussy toyed by a green&#160;vibrator http://t.co/jC8AZqu6nr,offensive
@lucioxnava how about darkskin dykes?,offensive
Fuck drama class. This bitch boring as hell,offensive
Twitter niggas always want you to have unprotected sex with these nothing ass bitches. NAH,offensive
"@marissarose_10 
Your mouth
Your pussy
Your ass
My dick
And a sandwich after we fuck.
What kinda question is that?",offensive
RT @CallMeRenee_: &#8220;@1inkkofrosess: @CallMeRenee_ wussup bitch&#8221;cooling hoe,offensive
@shaelynspacyyy they trash though?,offensive
RT @HBCUfessions: Us dykes get more play than most niggas! -FAMU,offensive
RT @SteadmanTerri: @wheeler_kashhh bitch waaaaaa??,offensive
"@noPOPULARity_ lmaoo one nigga had that 2nd pic as ""Looove that pussy from Popeyes!"" lmaoo that shit killed me",offensive
"RT @Blakeanthony98: &#8220;@Thompson_Era: &#8220;@hiagokoury: That hoe smashed the whole team !&#8221; 

&#128557;C&#128514;H&#128557;I&#128514;L&#128557;L&#128514;&#8221; Lmao y'all fools&#128514;&#128514;&#128514;&#128514;",offensive
I won't say how many bitches I fucked but i might say how many 100s I touched &#128178;&#128178;&#128178;,offensive
Floyd please deliver me from temptation as I oh so wish this bitch would hurry thee fuck up so I can surfboard on my bed.,offensive
@YungOBG hoe meter went off!,offensive
"RT @mackgotti: &#8220;@SMCo71: "" all my hoes stay mad at me i keep em hot guess they got a fever ""&#8221;&#128514;",offensive
RT @memethagreat_: When you know you dealing with hoe &#128583;,offensive
RT @wittybigtwittys: I use the word cunt very loosely,offensive
RT @ILongDickHoes_: When bitches say that your dick game is stupid http://t.co/cW5uOqx4DS,offensive
"Seven digits niggas, two commas hoe.",offensive
RT @Whiteboyyx01: Behind that twinkle in your eyes I can see the bitch in you &#128064;&#128076;,offensive
real nigga shit she wanna be a righteous young rich nigga bitch,offensive
Its funny how these hoes will be texting yo phone all day and then 3 days later have a boyfriend &#128514;,offensive
I'm just gonna get my dog to eat a bitch,offensive
"No officer I wasn't drunk driving, I was swerving on them hoes.",offensive
RT @christeaa: Can't turn a hoe into a house wife babbyyy.,offensive
RT @CharlesBWaffle: Bitches be in internet relationships tho. Like yous a lonely hoe,offensive
Starks being a faggot,offensive
breh it's a polygamist town in arizona if u wanna have bitches on deck move there,offensive
RT @GuyCodes: One loyal girlfriend is worth more than a hundred hoes.,offensive
"RT @pound_Mytweets: ""@wheeler_kashhh: http://t.co/PtQA8LZqEA"" &#128525;&#128525;&#128525; we gave bitches something to be mad about . !",offensive
These bitches dead be sucking and fucking niggaz with no condom...then wanna rock a whitw dress the next day like bout dem clean,offensive
So Sterling bitch gotta he a hoe.. aye she paid and you're...mad? Dont blame the bitch. She half black.,offensive
LMFAO @jdellasperanza I found my diary me complaining about you being a bitch &#128514; tbt I'm DEAD http://t.co/pl7qsAS15b,offensive
RT @rollieghost: &#8220;@vivalajayxoxo: Women would put up with very little love as long as the man have money..gross&#8221; bitches be with broke abus&#8230;,offensive
I just caught this fat bitch slippin taking a selfie,offensive
RT @CaLvii: @troncat1003 theyre afraid of being a bitch in person,offensive
@ListsBlackTwit @iH8TvvitterHoes @Rosaalbae nigga caping for the bitch like we haven't all seen her nudes already.. What does he want tf,offensive
Lesson: #NFL is 4 heterosexuals. Wat else do we need besides Michael Sam for us fags to get a clue. Breeders have their thing we have ours,offensive
RT @TylerCottam14: Suge knight deserved to get shot that nigga had 2pac killed! #fucksuge karma is a bitch!,offensive
@cody_laws @ me bitch. When and where?,offensive
No saving hoes,offensive
RT @TheKitchensHeat: Don't beef over no bitch..,offensive
You bitch like to text emojis,offensive
@covrtneyyy that was for other bitches lol you cute tho wassup GIMMI YO NUMBA&#128299; IMMA NATURAL TOO LMFAOO,offensive
Happy birthday @Anastacia_Cole I love you faggot,offensive
"Horse racing, bitch.",offensive
RT @SolelyJones: Lowkey Apple made iOS 8 like this so niggas get caught and have to buy their bitches iphone 6s to make up,offensive
RT @49ant: if she lives at home she's a little less likely to cheat on you and be a ho,offensive
That pussy fat whatchu feeding it?,offensive
RT @SomeoneBelow: The person below didn't get a big booty hoe.,offensive
"@KayciMalynn yo bitch, I miss you too.",offensive
"&#128073; RT @OeauxMar: Nigga was smashing his hoe, had his hoe paying for a condo and he still with her &#128514;&#128514;&#128514;&#128514; Yep Fucboy",offensive
@IdiotOlympics @ForTheMen fuck her right in the pussy,offensive
If you don't fuck with @ChrisWebby your either A) slackin B) a turd burgular C) a pussy face. or D) all of the above #WhichIsIt ?,offensive
&#128557;&#128557;&#128557; RT @EsckmoTrent: I swear Niggas use to step one foot off the bus and bitches would be like NEXTTTT &#128553;&#128514;&#128514; http://t.co/XjKUdt4BUB,offensive
"RT @thecoreyholcomb: Every man can't have a bad bitch. But in this country if you got 100$ cash &amp; r willing to go where poverty roams, you &#8230;",offensive
"RT @kiaspeaks: Yall stay tracking pussy miles, but refuse to put any effort into controlling your own peen. But okay...I guess. Whatever ke&#8230;",offensive
"She actin like a hoe i dont want her, id rather just smoke my marijuana",offensive
RT @shoulder_LEEN: &#8220;@intentions_: New York bitches be like #ThatNYCshit #bitchesbelike #newyorkGirlsbelike #hoodbitches LMFAOO&#128514;&#128514; &#128514; https:/&#8230;,offensive
RT @patbeeh95: @iDocLyfe Rick James ain't even slap his bitches that hard,offensive
@juicygenie can a quote this and tag a bitch,offensive
Polo:$80. Levis:$60. Jordans:$180. Snapback:$30. The look on your face when you still don't get any pussy...PRICELESS!,offensive
"@BRIdifferent good dnt be a sucker for these sad mad bitches,",offensive
&#8220;@Quis_2TurntUp: &#8220;@1017_Sqquad: Iont got no type&#8221;bad bitches is the only thing that I like &#128111;&#128131;&#128131;&#8221;aye I'm just living life,offensive
Photo: deafreaperventus: wayward-sons-and-fallen-angels: murderous-crows: *gay intensifies* are you saying... http://t.co/qbktWtWFCY,offensive
"Twitter is like the friend I sometimes forget to visit, and then he calls and acts like a bitchy mcbitcherson with a side of bitch.",offensive
RT @RashadBF: Never trust a bitch that take quick ass showers!,offensive
Bitches get on twitter an turn to saints like they not hoes that shit kill a nigga,offensive
She said pop can u make it rain I said bitch I'm a water bearer I bring da flood I'll make you drown,offensive
RT @RobIsRandomAF_6: &#128514;&#128514;&#128514;&#128514;&#128514;This bitch came to the club with a broken neck? Bitch you serious? https://t.co/D4bpFhPj6x,offensive
@1stBlock_Rody pussy,offensive
That's a legal tackle faggot RT @PP_Rich_Hill: Seriously? http://t.co/lMyhrBKxZX,offensive
The fuck mickey d's gave me... some cookies in a big mac box!! http://t.co/5NWXPQXHnF,offensive
Damn this bitch crazy,offensive
"RT @roach_nigga: yall niggas think i just hang around your crib doing nothing, bitch i be getting bread too http://t.co/6jo2sayr96",offensive
"""@DoYou_Q: Got bitches in the DM but I don't ever read'em"" which is y your top 3",offensive
Why you let these hoes tear what we had right apart,offensive
"RT @WorkaholicAdam: I got 99 problems and the bitch heard me call her a bitch, So now I have 100.",offensive
@laceeybugg comeover here then bitch,offensive
"Like the hoes when they lay w/ me.. Puppy eyes when I go, Sayin stay wit me",offensive
I don't love these bitches OR these hoes; fuck they thought? I love my MONEY!,offensive
dealing with your bitch ass is so annoying,offensive
Will you sell that pussy for me ?,offensive
"@gCan28 @JeremyWGR 

And then everyone bitches anyways. The guy can't win with the fans we have. We would run Revis out of here in his prime",offensive
Big thick pretty bitch,offensive
Switcharoo on yo main bitch me and my NIGGGA hell naw we don't date hoes,offensive
Aye we all needa keep are heads up high who cares if we lost we all went and tried our best &amp;south is a bunch of trash talking pussys ! -.-,offensive
Why isn't Rogers in the game? What a pussy! No heart. Not tough. Where's the out cry? Oh he's really hurt? No excuse. Cutler's tougher...,offensive
RT @bayleebork: @rahshauna keep your avi hoe,offensive
coulda been trash talking that nigga cuz NIGGA GOT SPANKEDDD IN FANTASY,offensive
RT @castabignet: Some people are handed a bar of gold and all they can do is bitch about how heavy it is.,offensive
@shefeelsD_Payne nigga don't be telling my business on this hoe lol,offensive
"Shawty pussy wet, the dope drippn wet &#128166;",offensive
#swayamsevaks all gods are same in all religions in india ...,not_hate
https://www.youtube.com/watch?v=oQQQNx3qthE  ,not_hate
RT @hildismom: MT @jjauthor: US ghettos-driven by liberal ideology; http://t.co/6ONYrmggND #RedMeat,not_hate
@MeowMariss i thought i was the ghetto word for babe,not_hate
no . trump will start to pull away from cruz soon .,not_hate
"There's gonna be a lot of trash talk today
#worldcup",not_hate
elder  you're a bit insane .,not_hate
do some research on when / who formed the klan and you will have plenty of proof if you choose to accept it,not_hate
i'm sure justine damond would reject these actions by you disgraces to white members of the human race everywhere . police violence against anyone needs to be called out !,not_hate
Leading Japanese Scientist calls global warming a hoax https://www.iceagenow.info/leading-japanese-scientist-calls-global-warming-a-hoax/,not_hate
if harvey weinstein converts to christianity & becomes republican  & other fake christians will find a way to say he's a great guy .,not_hate
I'll be a Yankee fan forever,not_hate
"@brandonDGK420 the only boards I still have from them are just the tie dye ones, monkey edition, black and silver , and the newest ones",not_hate
@BlackManUSA @chrislhayes well that's some cracker jack secret service work there. jfk anyone?,not_hate
germans now the minority in frankfurt #swrm via,not_hate
LIVE: Anti-fascist rally in Macerata a week after shooting of six Africa... https://youtu.be/v7bNXbjUXxs via @YouTube,not_hate
missionaries in india : conversion or coercion ? via,not_hate
" rt  "" books are not worth more than their ability to inspire  educate and motivate exceptional people to action . "" "" - """,not_hate
"RT @J23app: Feb 2015
Jordan 4 Retro Remastered
""Oreo""
314254-003
http://t.co/NBOaxG1S19",not_hate
i'm not anti white i'm anti white suprmacy . interesting that you see no difference . all white ppl aren't white suprmscist you know ?,not_hate
white lies that are terrorist are you .,not_hate
"RT @SpenceLynn: Idk how people can just not have a job and stay at home all day watching tv, it was so boring for me to do it 2 days idk ho&#8230;",not_hate
smh RT @DailyMail: NYC cops leave Ebola doctor's apt dump gloves and masks in public trash can http://t.co/aTkLOIqFZZ http://t.co/HVBhWjrKen,not_hate
The value of Abu Qutada&#8217;s statement is that his credentials in Jihadi circles are impeccable. He&#8217;s facing trial on terrorism charges.,not_hate
Another statistical fact; Husbands usually die B4 their wives....... Cause they want to.,not_hate
Yeah our driveway is a mud pit. It seems like the rain is just never-ending at this point.,not_hate
@ArcticFox2016 everybody mocks Obama .Hes an embarrassment to the USA.,not_hate
"Kofi Annan, the former UN secretary-general who won the Nobel Peace Prize for humanitarian work, dies aged 80 #News https://breaking.iavian.net/article/189397",not_hate
"Watch ""Smug Leftist Exposed | Pseudo Intellectualism in Western Europe"" on YouTube https://youtu.be/wpqBvnfPPWc",not_hate
"@gaming @gamingnews    Gab needs a proper gaming category, not 'entertainment' or 'technology'. Yay or Nay?",not_hate
i've had it happen to me more than once . im not doing anything but supporting my country  my flag and my president & im called racist for it,not_hate
white communities ? !,not_hate
RT @xoxo_Geee: Chest tattoos on females are trash .,not_hate
RT @pellucidstyles: they might be called 5 seconds of summer but their songs are 3 minutes of trash,not_hate
#GetWokeGoBroke First Man? 👎👎 No bucks no Buck Rogers  Funding makes this bird go up No 🇺🇸 no money from me @FirstManMovie,not_hate
What a trash franchise. RT @ArashMarkazi: Fergie will sing the National Anthem at the Clippers season opener tomorrow.,not_hate
there are a few white people in america who would like to vote . you have a problem with that ?,not_hate
"Look. I realize you don't like being BTFO'd because your beliefs are fringe, weird, & aren't shared by the vast majority of the Alt-Right.  But bizarre comments, like you just made, aren't helping you.  Doesn't make sense, tbh.  It's ok that the Alt-Right just isn't for you.  There are other groups.",not_hate
"~~Ruffled | Ntac Eileen Dahlia - Beautiful color combination of pink, orange, yellow &amp; white. A Coll http://t.co/H0dYEBvnZB",not_hate
RT @MelissaTweets: Scott Walker investigate. Christie's Bridgegate. Perry's drunk monkey Dem DA-gate. All men innocent. All threats to left&#8230;,not_hate
RT @walshnyc: Which World Cup Teams Are Jihadis Rooting For? http://t.co/ecU754zHKk @versharma @vocativ http://t.co/8z0B7ocMqP,not_hate
"Probably just coding and then catching an early night, I like to get a really solid start off to my new years, yourself? ",not_hate
"There are a lot of examples of politicizing sports, both much more old and much more recent. The latest I'm aware of is all this drama about how American football players should or shouldn't behave when the national anthem is playing. Point is, sports is politics, and it's not possible to separate one from another.",not_hate
Enjoy watching birds? Join eBird,not_hate
AFP reports that Australia is considering fast-tracking visas for South African farmers,not_hate
make that  some black folks  friend ... thanks,not_hate
Day 105.9. Laurel Everly’s EEO Agencies - Senior Executive Service. ,not_hate
how many of those trump supporters have already been banned and censored on social media ? milo  for example  is banned,not_hate
" i agree completely ! i just think i'd disagree with them on what those  "" true tenets "" "" are ... """,not_hate
will the white house move to sanction #israel ? joins #dcwatchlive to discuss :,not_hate
"#Macron is clearly not well. On the one hand he wishes a #Brexit deal to see #Paris strip #London of financial institutions, demand money for the border at #Calais, continue to access British waters for fishing and now also sign up for the fallacy of an #EU army! #France http://bit.ly/2mCZ070",not_hate
@TTUKingsbury morphing into Charlie Weis will never cease to be disturbing.,not_hate
We need to crowd fund this for Movie Bob. Cure his virgin nerd rage finally. https://twitter.com/hannahhaysxxx/status/103490154...,not_hate
"""When Barnett tried to identify himself as a reporter, showing his credentials, the agent replied: 'I don’t give a damn who you are.' "" ",not_hate
RT @RT_America: Russell Brand mocks Bill O'Reilly for proposing Berlin Wall against immigrants (VIDEO) http://t.co/WtzD2MIBf6 http://t.co/A&#8230;,not_hate
yep i did . i was interviewing vanguard america when their account and websites went down . identity was rude when i asked to interview them,not_hate
Please don't take selfies on bed when your pillow looks like a used tea bag,not_hate
"We need to correctly define ""love""  Love isn't an emotion, emotions change with the winds of events, hormones and even other emotions. Love is what you do.  It's coming home instead of drinking with the guys. It's telling online friends that you don't flirt. It's making similar decisions every day. ",not_hate
"John McCain, American statesman and POW survivor, has died at age 81 #News https://breaking.iavian.net/article/189947",not_hate
if you access  donate ! we need #altright media,not_hate
"@hotzgeor Kept the border open to disease from Central America, lowest workforce part. % since Carter, yep, a real boon to NC.@ThomTillis",not_hate
could care a less about your snark . stop whining and go win or take a seat to your betters,not_hate
"@dickmasterson Do you feel like Maddox is setting traps because he knows how you'll respond to his BS?  I've been following that FB fiasco and I just saw that Twitter thing last night before you got booted there.  I wouldn't put it past him, but I figured if it was, it would be way clumsier and insufferable.",not_hate
anti-white is not code for anti-jew,not_hate
"The husband worked briefly at 2 different jobs but was fired for refusing to learn German. Now, he and his large herd will be living off the state. ",not_hate
"RT @espn: When the Yanks and Sox get together, things usually go smoothly -&gt; http://t.co/f3t97ymMd5",not_hate
RT @BroganWebber: Wiz is garbage to be put in the trash can known as Beyonc&#233; to be put in a dumpster known as the VMAs.,not_hate
i'm fairly sure it was this is texas .,not_hate
Eternalism is just God's way of decentralising reality on a celestial #Blockchain,not_hate
RT @ChuckRossDC: Lost track of how many claims in Omarosa's book that have now been directly disputed. And Cohen is supposedly friends with her https://t.co/w0uBiMxlUP,not_hate
"""@MaxMayo77: http://t.co/3Jk4kR44X3"" a pissed lad past out. I would lick his dirty soles while he slept.",not_hate
"@AlexAllTimeLow @JackAllTimeLow Please stay safe you guys! I love you so much, I hoe to one day meet you guys! happy Halloween :)",not_hate
stop #ppsellsbabyparts they're in vaccines and kill kids,not_hate
"None yet. But, it's better than doing nothing. A few months ago NK was launching missiles over Japan and towards the US.",not_hate
i will go gay for the venus de milo,not_hate
Every time I see a video like this I want to open a business to sell this shit to Wakandans! ,not_hate
#Iraq gov troops were handed a severe defeat by #ISIS at Saqlawiya -- there's chatter of over 300 soldiers lost &amp; Jihadis raving about it,not_hate
RT @jakeburnsmfc: @staycoolwheels @BloggerBoxing because hillbillies like sports to...,not_hate
RT @BenTateRB: This is crazy no RB picked yet. A RB won ROY! 2yrs ago RB was MVP. Ppl 4get how important our position is. This is insane ho&#8230;,not_hate
*Searches my yellow pages app for the nearest Jack In The Box*,not_hate
action report : return to charlottesville,not_hate
you're wasting your time with these people . they will never understand the southern way of life .,not_hate
" rt is it racist when we are told trump has to win  "" the hispanic vote ? "" "" ethnicity can't be relevant and irrelevant """,not_hate
"&#8220;@lakeshow73: @WCCORosen Too bad the optimism I have for the Royals, you don't have for the Twins!! Take those ""Rose(ie) colored glasses off",not_hate
all they do is attack the alt right and discourage thus far successful tactics we've used until now try,not_hate
"RT @SportsCenter: Storybook ending in New York. Derek Jeter walks off a winner at Yankee Stadium, http://t.co/pRS2lWATK7",not_hate
didn't get an email confirmation - are they perhaps mucking with us,not_hate
Reporter: Why do you have a poster of Joseph Stalin on your wall?    Zizek: So idiots like you will ask stupid questions like that.,not_hate
"Pam is ""Q"". Here is the proof.  Pamphlet anon is BUSTED! In this short 14 second video you will see thumper ask Pam if he renumbered and deleted the Q posts....Pam's answer will shock you.  https://gab.ai/tv/watch/15091",not_hate
nothing was ever done to lefts rioting in berkeley conservatives rally they call out national guard !,not_hate
I can't stress enough that people should read/listen to Democracy the God that Failed by Hans Hermann #Hoppe. There is an audiobook on Youtube of it if you want to just listen. Its a look at traditional #monarchy from an anarcho capitalist perspective. #Politics,not_hate
"@kayt27 poor coon.......snow stopped here,now if the wind would it might be nice out,well for winter",not_hate
"I'm not sure ""Winning"" is a term I would associate with any war but for the sake of the Alphabet Agencies spying on us I'll just point out that Russia has hands down won the propaganda high ground.",not_hate
"I know, but that's their usual response. No biggie.",not_hate
"What else come on on mondays im not finna watch that trash, ive destroyed enuf brain cells.",not_hate
Happy birthday bird! @codyflitcraft,not_hate
RT @516Jake: Hungover and feeling yyyyyeelllloooowwwwww @outlawdipper @mudjug1 #dbh #yellow http://t.co/hJe7v4aWdw,not_hate
The storm is coming,not_hate
#manafort and gates were indicted for alleged crimes over 10 years ago lol . trump or his campaign weren't mentioned one time .,not_hate
"RT @Matty_Kem: My favorite shark is megaldon, my least favorite is a mud shark. They are the worst",not_hate
Absolutely!  ,not_hate
swedish media is despicable as a matter of policy ...,not_hate
"Conoc&#237; tus ojos negros 
Y ahora si que no puedo vivir sin ellos",not_hate
canada has a strong national identity thats welcoming to immigrants and makes immigrants want to assimilate,not_hate
The War This Time https://sultanknish.blogspot.com/2018/01/this-civi... #Leftists #CivilWar #MAGA,not_hate
" rt >  "" america is becoming non-white and that's a good thing "" "" > media : "" "" great ! "" "" > white people : "" "" we have a right to exist "" "" > media : "" "" are you racist "" "" """,not_hate
Thought that was Cantwell at first glance.,not_hate
stop white genocide,not_hate
when megyn bravely say there and told us both santa and baby jebus are white .,not_hate
"Ok, For those who don't understand how this works... A couple of options. ",not_hate
Current censorship all relates to push for power [mid-terms].,not_hate
zimbabwe set to give white farmers 90 days to vacate their farms | more : via,not_hate
globalists hoping you won't notice they've built china into a monstrously dangerous superpower - media certainly hasn't,not_hate
"Anyway, my point of it being ironic is that the hype around the movie is by Hillary type supporters who hate the Wall idea and are in favor of immigration.",not_hate
Hillary Clinton got $7K less than Snooki for Rutgers speech. Does it get any worse? http://s.nj.com/88nZDhR,not_hate
Whole story and 45 minute live stream video at: http://www.fox5ny.com/news/storm-chasers-abandon-truck-in-flood-during-live-stream-in-hurricane-michael,not_hate
"The sequel to 'The Long Black' is now available!'Black Holiday,' finds Morgan haunted by the pirate attack that nearly killed her. Taking some time off to visit her friend Emily, she is caught up in an assassination plot that is prelude to interstellar war...https://www.amazon.com/dp/B07C6C4Y8W #SciFi #Action #Books",not_hate
We can all thank the woman (even though there were SO MANY Cosby raped and drugged)who got justice for all those woman.  God Bless her.,not_hate
#N3 #Kavanaugh #Live ,not_hate
hopefully they gave white nationalists a few good beatings ...,not_hate
@NoMeatballs @mtaraban is so excited about his red velvet brownie.,not_hate
All the cool kids are doin' it!     Twitter doesn't care about your opinion if you hold different views so why should we continue to use and keep their shitty platform alive?! #TwitterBoycott,not_hate
morbidly obese people are far more likely to die of a heart attack fyi . because thats wha,not_hate
RT @JOEL9ONE: Thanks Carolina fans 4 the flipped birds+few bottles to the head. Sticks n stones may break my bones but aluminum zimas will &#8230;,not_hate
Should everyone start calling nothingburger #Russiagate #Chinagate now? ,not_hate
Hoteps BEEN told you Ep. 6 @handymayhem @VibeHi https://www.youtube.com/watch?v=Dl7myGUBbhE&t=...,not_hate
RT @SVL305: @VJtechsupport @YoungMcFly the real reason y she gave up rapping was because of ME.. i called her trash to her face n asked for&#8230;,not_hate
&#8220;@Kik2Clean: Brah Wiz cheated &#128514;&#128557; http://t.co/OZ2PnDNGJ0&#8221; she had hair like a dyke..... Uh.. Duh?,not_hate
another racist coward . goodbye,not_hate
A third world problem in a first world Country !   https://www.birminghammail.co.uk/news/midlands-news/mustafa-hassan-35-standing-trail-15132409.amp?__twitter_impression=true,not_hate
@Dietrich1892 I'll show up and chug a beer or 8,not_hate
@BolandDrummer I have never once in my life been to a 'coffee shop' like Starbucks. I am a hick though.,not_hate
radix journal  alternativehypothesis make the case for white nationalism  but not these mad jew conspiracies,not_hate
"Welcome on Gab, Elias! Trying something new, like honestly being able to #SpeakFreely, is always a little daunting at first... Just jump in and have fun! ",not_hate
PSYCH OUT! Is Christine Ford a Doctor? -- There Are NO RECORDS to Prove This in State of California Database http://disq.us/t/36rueyk,not_hate
Some Douche cubs redneck cubs fan freaked out asking if bites..... No you bloody BERK!!! He's like the&#8230; http://t.co/ulc6CMVtki,not_hate
brad griffin  in the alt-south movement do you lose the war again ? does sherman get to cuck you ?,not_hate
top ten charts # 7 : by 2050 less than half of america's population will be white,not_hate
Manual labor so trash,not_hate
Want to touch tha boootyyyyy....neeeeed to touch the heinie &#127825;,not_hate
@Nashgrier purple monkey,not_hate
@CBSThisMorning @NorahODonnell tx trash you know trouble w ACA is in GOP gov states but like @60 @LaraLogan_News you report lies anyway,not_hate
The idea blue America needs red America is absolutely false. California needs to leave the US immediately. Texas should leave at the same time. The relationship with Washington D.C. is toxic. #ToxicRelationship,not_hate
are you out of your mind people going with out food here homeless sleep on streets americans,not_hate
He hates our number one but loves our number two. ,not_hate
" you forgot the word  "" white . "" "" . you mean "" "" white evangelicals . "" "" """,not_hate
not just the stuff of legend : famed viking sunstone did exist | read more : via,not_hate
one of my sons was locked up for almost 10 yrs for repeated marijuana violations . its illegal . you addicts dont get it . get clean & work .,not_hate
"Twice divorced teabagger Florida Attorney General says marriage is reserved for 'stable, enduring family units' http://t.co/Wafg8EYYGM",not_hate
"RT @GPollowitz: Stelter criticizes the pro-Trump media for ""weaponizing"" the Time cover. It's really weird that conservative media would push back after Trump was called a Nazi over a false media narrative. https://kek.gg/u/VfJf",not_hate
"RT @pgammo: Run Differentials:Mets -14, Yankees -32.",not_hate
they do know that not all american citizens are white males,not_hate
not only holy places but school  office & othr places r also temple for us & modi shown us how to respect temple of democracy  working place,not_hate
RT @LOHANTHONY: i'd never send my kids to private school because then they would never experience ghetto public school fights,not_hate
@LandonVanBus Charlie Day?,not_hate
"RT @Yankees: #Yankees win, 6-5, on a #walkoff single by Derek Jeter!!!!!! #FarewellCaptain",not_hate
your a white malewhos whiteand a malestop talking like ur a non-white maleyou white male,not_hate
the white genocide continues : white race now minority in london too ! read more : via,not_hate
Not a bad prize on offer just for nominating a holiday destination for a travel award. Let's get some Kenyan places in the mix: https://britsinkenya.com/2018/08/03/6-night-kenya-...,not_hate
"Drake T.I&#8220;@MsBTxo &#8220;@_sirhampton_ 3 Stacks, Kendrick RT @xHollywoodCourt: Name a rapper that alot of people like...but you think is trash&#8221;&#8221;",not_hate
: correction : trauma appears to be on the inside aspect of hh's rear thigh . also gives credence to massive int,not_hate
I see she giving the Nazi salute?,not_hate
live : advani keen to become ls speaker ; rajnath too may join modi govt,not_hate
sounds like a racist act to me .,not_hate
: dhimmitude in germany : judge files complaint against merkel for being glad that obl is dead : hamburg judge ...  ...,not_hate
the kleins are fighting to protect #religiousfreedom . send them a note of encouragement !,not_hate
either you judge people individually  or you hold racial biases . not both .,not_hate
"Poor Henry, he's supporting the right 2/3 of you guys all on his gut! Don't hurt it, Charlie... (@lizziecuevas)http://yfrog.com/h300cwrj",not_hate
optics ? where's an old piper supposed to go after his application is rejected by,not_hate
" a ( ( (  "" white male "" "" ) ) ) """,not_hate
I hate Hashtag activism. No lie. I think 95% of it is trash.,not_hate
"@HobsonDarlene #BlessJesus Amos 3:3 Can two walk together, unless they are agreed? #DifferentLevels",not_hate
Shouldn't he be buried in Vietnam since he was their greatest war hero? ,not_hate
we are fighting marxism in all of it's forms  white nationalism is socialism  no matter,not_hate
"#StayTheCourse. Just remember, Ladies & Gentlemen:",not_hate
Wrong tax code - how do you claim back. ,not_hate
RT @renz360: Got receipt ink on your soles? no problem. http://t.co/xYA7aLDUhU,not_hate
The “Socialist Caucus” of the US “Libertarian” Party,not_hate
This WHOLE thing is a DISINFO DROP to DisArm Us! ,not_hate
"Long Time, no #CrazyBitches. The dry spell is over. #FullFrontalShaming #2A #2ndAmendment #GunRights #GunSnatchers #Hogwarts #HarryPotter",not_hate
Has your kind paid up your kind OVER DRAFT WAR CRIMES REVENUE NATIONAL DEBT YET!? Can you comprehend law?,not_hate
" jewish professor angers jews : found this and thought it could be useful . jewish professor angers jews .  "" ... m ... """,not_hate
@goldnsilvercoin this guys company had best year EVER...under Obama....conservative teabaggers are scum,not_hate
RT @TheFoodBibIe: Deep Fried Oreos http://t.co/quDw3wqD7r,not_hate
RT @scottiken: It's settled. The Ding Dong is far superior than the Twinkie.,not_hate
On the secret Party mission! Live tweaking to mock FATPO.,not_hate
"lol  Go ahead, Soros, spend every dime you have silencing us.  It won't work, Americans are waking up! Soros: Online Trump Supporters Will Be Entirely ‘Silenced’ By 2020 https://nworeport.me/2018/08/28/soros-online-trump...",not_hate
yup  no problem with their religion  just us ialamaphobes,not_hate
It's happening. Please see Dr Steve Turley's videos under News > https://www.anastasiaeuropa.com/,not_hate
official campaign gear 100 % made in america #gopdebate #trump,not_hate
@AB_crispyy_andy I laugh Oreos and lady gaga on a Sunday day,not_hate
Watch today. https://circumcisionmovie.com/,not_hate
Now I'm gook boy shawty http://t.co/LAAaHsTYeB,not_hate
in sri lanka  buddhist nationalist have formed a group called bbs which attacks muslims in an attempt to protect the buddhist heritage,not_hate
like omg some black people did vote for trump . also  muh thomas sowell .,not_hate
The moments in history that take your breath away!   https://www.youtube.com/watch?v=lFCboebRdws&t=...,not_hate
all you people do is destroy things that are beautiful . very sad .,not_hate
Proud of #MikePence for telling the kneelers where to stuff it.    We are so DONE with the #NFL at our house. Beyond done.   #USA  #MAGA  #Pence  #Trump,not_hate
SER 145 – Mark Musser – National Socialism and Nature Worshiphttps://soaringeagleradio.com/podcasts/ser-145-mar...,not_hate
and he is definitely a racist  and probably white supremacist . at the very least he is supporting white supremacists .,not_hate
"Sometimes, even I gotta tell these hoes to grow up smh",not_hate
"California wet dream:  Rip it's star from our flag.  Attach thousands of boats to the coastline, wrench it from the mainland, tow it out to sea, and sink it with a all aboard.  #Gab #GabFam #SpeakFreely #Chat #Americans",not_hate
hitler decided what white nationalism was . anyone who supports white nationalism is the enemy of humankind and deserves to be eliminated from the face of the earth !,not_hate
Panda Express is so trash but I wanted Chinese and didn't feel like gettin out the car,not_hate
he looks huh ' white to me,not_hate
WOW WOW WOW WOW WOW WOW WOW WOW WOW WOW WOW WOW WOW WOW WOW WOW WOW WOW WOW WOW WOW WOW WOW WOW WOW WOW WOW WOW WOW WOW WOW WOW WOW WOW WOW WOW WOW WOW WOW WOW WOW WOW WOW WOW WOW WOW WOW WOW WOW WOW WOW WOW WOW WOW WOW WOW WOW WOW WOW WOW WOW WOW WOW WOW WOW WOW WOW WOW WOW WOW WOW WOW WOW WOW WOW WOW WOW WOW WOW WOW WOW WOW WOW WOW WOW WOW WOW WOW WOW WOW WOW WOW WOW WOW WOW WOW WOW WOW WOW WOW  ,not_hate
"Bob, that's traditional and historically biblical; however, society has morphed into something less desirable for fathers and mothers. If they both work in order to make ends meet, then they prob. need to share family responsibilities.  It's all about loving and ""preferring"" one another, isn't it?",not_hate
I go from days of being white pilled to days of being extremely black pilled. This is exhausting.,not_hate
"Nah, it just turns them into sick rapists, pedophiles and slavers.",not_hate
it amazes how every white supremacist ( many claiming to be christian ) grow silent whenever i start asking for biblical references . then again  maybe white supremacy / nationalism / nazism is just unbiblical and contr,not_hate
white people resisting propaganda to racially miscegenate  official figures show | read more : via,not_hate
And now Jihadis bragging about a massive bombing in Sadr city in Baghdad. #Iraq #onslaught,not_hate
"RT @mpoindc: Wow, Henry Waxman gets caught in a CLASSIC Charlie LeDuff segment after Charlie comes to DC for today's GM hearing: http://t.c&#8230;",not_hate
RT @BrosConfessions: Charlie Sheen is a legend #ForTheBros http://t.co/nbYjumIkQA,not_hate
As if I needed another reason to hate Mayim Bialik. https://groknation.com/relating/children-video-gam...,not_hate
Ask the governor how we are supposed to pay for this? Typical #teabagger mentality. Government is EVIL until we need them LOL #morningjoe,not_hate
&#8220;@BobbyBudnic Oxtails and yellow rice is blasphemy&#8221; boneless,not_hate
@_BDOE bro u trash at that zombies,not_hate
"You thought wrong. Disclaimer: This is not financial advice, Smart money buy low and sell high. Soon all will follow the people who know what is really happening as they flight out of FIAT to other assets that can hold value and Bitcoin is one of them. They keep it low to hoard up much, then BOOM!",not_hate
@DanWolken It's idiotic opinions like this that make polls less than trash. Polls weren't a problem when people with integrity were voting.,not_hate
NOTICE There will be no more episodes of Grace & Steel. Thank you all for your support over the last two years.,not_hate
@Notsosweetpea SOO when we hanging out and makin brownies!!,not_hate
poll : trump dominates in nevada  south carolina overall and on the issues,not_hate
media feuding more hate and lies you're better off turning off msnbc and cnn and most fox shows except hannity,not_hate
Too much makeup so trash..,not_hate
Humor that sad to be true,not_hate
@BettinaVLA @9975Ts @SenWarren She's just another straight-up conscienceless liar. Soulless criminal trash.,not_hate
Just when I'm feeling totally useless in the world (another) baby bird found in need of #TLC Just call me #DrDolittle http://t.co/Trwmr3HG8v,not_hate
: nothing was ever done to lefts rioting in berkeley conservatives rally they call out national guard ! mor,not_hate
"This mint brownies recipe is made with almond flour, coconut palm sugar, coconut oil, and coconut mi http://t.co/XZZfDoLZDn",not_hate
"RT @GlennSoucy1: The crows warned you to stay away from the island. Will you?
THE SOUL COLLECTOR
http://t.co/VTc661dC65 #IAN1 http://t.co/1&#8230;",not_hate
Tonight starts the road the Super Bowl for the @Browns! Here we go brownies here we go! WOOF WOOF #Browns2014Draft,not_hate
Who’s the Lurch behind her ?,not_hate
Has a lot what sir?,not_hate
Sometimes you don't need to say much.,not_hate
@Adrian1_knowsu &#9757;&#65039;no ghetto names &#128581;,not_hate
#Yankees Pineda needed that 6'7. Great play!,not_hate
* white lion ...,not_hate
California about to limit water usage #agenda21 ,not_hate
RT @TeamGladney: Did the Yankees make the playoffs and properly honor Jeter? RT @80sbaby4life: Orioles win?,not_hate
: optics and tactics via,not_hate
@mfsasso or jim crow laws segregation lynching laws... anti womans suffrage laws... amazing how everyone doesnt want to bring that up,not_hate
amazing . trump refuses to condemn white supremacy and the kkk . says he has to research them first . what a scumbag .,not_hate
Trump needs a HUGER truck ,not_hate
"Foley Abduction Linked to British Jihadi Kidnapping Ring http://t.co/X6SIP3woXb via @joshrogin, @elilake",not_hate
I'm not even American and this still brought a year to my eye.  #MurdochMurdoch  https://youtu.be/dMAk3PRn5_0,not_hate
"In case Warden doesn't post this link, I will. Read the Whole Thing http://ace.mu.nu/archives/376689.php  Been saying for decades that Civil War 2.0 will happen prior to 2025. I see nothing to change my mind, or even question the math any more. It's coming. Be ready.",not_hate
#Q #QAnon #TheGreatAwakening ,not_hate
Would like to see the Kenyan wave stick around a bit more than the German wave did. Unless #DeutschGab is ensconced in its own group doing kraftwerk.,not_hate
The curve lies in the fact that you can't see the 2nd tallest tower in the world. in Tokyo.  But on a Flat Earth it would be up there for anyone to see.,not_hate
RT @L3tsVibe: Keys open doors when them keys is albino,not_hate
whu do antifa thugs hide their faces if they're peaceful ?,not_hate
RT @NuteIla: when I die on flappy bird http://t.co/HKNUTfDVJZ,not_hate
Hand me a brew and I'll chug it,not_hate
Huge fire engulfs B&M store in York retail park https://kek.gg/u/stZg,not_hate
@DIRECTV why are you showing Yankees game in arizona when you promo Washington huskies game? I bet @dish would want my business,not_hate
@THEHermanCain @redskins I'm not a liberal &amp; I support changing the name. It transcends standard political grandstanding.,not_hate
"It's OK. This video was taken off YouTube at some point after it got 2.3 million views, so don't worry.",not_hate
,not_hate
EXPOSED: Jihadi kidnap and murder handbook... and plan to infiltrate British Army and police http://t.co/gkP1vG6Pnw via @wordpressdotcom,not_hate
Google Cloud’s LA region goes online https://kek.gg/u/_bQv by @fredericl https://kek.gg/u/gScC,not_hate
why do you hate white ppl,not_hate
being up at 5am cuz your cat meowed at a nocturnal bird is the ultimate #toughbreak,not_hate
The new edition is out! http://ObamaWorst.com,not_hate
"Leftists try to punish a female police officer. But the leftist Governor (Alckmin) has chosen not to lose votes in the current presidential election. And the ""media bought"" did not divulge the subject anymore.",not_hate
trash af,not_hate
the alt right should promote fake rallies for the cntrl left to protest .,not_hate
Damn Charlie Wilson is still around?,not_hate
@team_Darrion night jigaboo http://t.co/vxKCG4yGXF,not_hate
is a true racist !,not_hate
Tune into the livestream!,not_hate
"@PhantomGourmet Someone gave me a nip of Baileys irish cream coffee, what can i use it with,suggestions?",not_hate
RT @Lrihendry: Pregnant S.E. Cupp&#8217;s classic response to &#8216;liberal dem&#8217; who calls her &#8216;chunky&#8217; &#8211; with bonus tweets http://t.co/U8nlYWEfiO via&#8230;,not_hate
RT @Luke5SOS: 5sos are trash !,not_hate
Ate the receivers really fast or is pass coverage trash?,not_hate
Today's Spy Ops: (His soles need a cleaning lick lick. I bet this cuties sneaks smell good) http://t.co/c7Hj3DvNgp,not_hate
Does this mean we can get the BBC jailed for reporting on yet another Muslim grooming gang?,not_hate
Oh man. This could be a serious first ever Chanel bag contender RT @evachen212 grape-colored Chanel bags http://t.co/q8ShjIFv,not_hate
Kim Kardashian At The White House,not_hate
Sebalter - Hunter of Stars - Switzerland - 2014 https://youtu.be/kjWG0oNpWog  #Eurovision,not_hate
"Here is a quick and ""dirty"" marketing plan that won’t take too long to write, but will transform - http://tmcentre.co.za/maximise-your-marketing-effectiveness-with-this-simple-marketing-plan/ #Marketing_Planning",not_hate
"Spurious correlations or signs of times to come? We're at the beginning of the end (or maybe middle?) for the USD. With China's financial (CIPS) network, Iran and Russias oil, G7 turning away from US sanctions, the dollar is quickly losing its oomph. As countries make the exodus from the petro-dollar to the petro-yuan, USD inflation will quickly rise.",not_hate
. & join on #dcwatchlive at 5 pm for today's special #memorialday broadcast,not_hate
"Rams too ""@GnarlsDarkley: Lakers as a whole is trash RT @80sbaby4life: Jordan Hill is trash. Play Davis and Randle more""",not_hate
WHERE in this is #Q promoting National Security Action Org? ,not_hate
tell me what true white supremacy is ?,not_hate
One of the most truthful survey's ever both R's and D's discuss Comey's interview. Video https://www.waynedupree.com/republican-democrat-focus-group-rip-comey-two-faced-moron/,not_hate
Infidels are a great source of protein.,not_hate
cuckservatives : donald trumps hostiletakeover,not_hate
Never leaves home without it.,not_hate
obviously it wasn't going to be permanent . how many people saw it until you took it down ?,not_hate
@TheMayorMatt the early bearded man gets the clam ? #herkfacts,not_hate
I continue to get frustrated whenever I have to go back and correct a mispelled word or fix a sentence.  I constantly get throw out and loose the entire comment I wrote.  I don’t click outside the box as was told it had a glitche.  And one time I can press down and curser shows up but most I loose everything and end up back where I started. Anyone having this happen?,not_hate
"Welfare is a conditional month-to-month affair. Social security is a 20-30 year commitment with virtually no strings attached. They both need to go, but SS is actually the bigger problem.    Sorry, boomers. You voted to give yourselves pensions, but you forgot to vote to PAY for them.",not_hate
none of us are excusing true white supremacy .,not_hate
"Ok, so if we go that route it's clearly fake depictions of kids getting assualted. So it's still disgusting garbage not worth supporting. ",not_hate
"They can start by repaying all the other subsidies they've received since the 1930s and putting that money back into the American taxpayer's wallet. Go on now, we're waiting.",not_hate
"8 hours of sleep? Man...no wonder. I average 6 hours a day. If I get 7, I feel well rested. lol",not_hate
" please publicize this upcoming  "" event "" "" because #ppsellsbabyparts & #defundplannedparenthood """,not_hate
"Eth is up next bros, just saying.",not_hate
america was classically liberal when america was white .,not_hate
"Another potential pedo is Piers Anthony (scifi author).  His book ""Firefly"" from the 90s(?) has a series of vignettes of a LITTLE GIRL seducing an old pedo. The way it reads and in his afterward, he argues that it maybe isn't bad because it was the (little) girl who initiated it.  He seemed to be arguing that little kids have agency to initiate sex. RED FLAG WARNING right there.",not_hate
vaidik is senile  self proclaimed nothing to do with bjp or track 2 you don't get misled by aap check now zee news,not_hate
Hey #elonmusk what kind of car wax do you use to remove van Allen belt #radiation damage?   Also did you pay #DMV nonoperation fee?,not_hate
US National Champion of lead and speed #climbing Claire Buhrfeind. @ ClaireBuhrfeind on Instagram.,not_hate
Another season of retweeting every one of @nikaaaa3 's Yankee tweets! &#128514;&#128514;&#128514;&#128514;,not_hate
comments : alabama for some reason  we have had some comments automatically sent to the spam filter lately whic ...,not_hate
"RT @kathyislovely: 'che wigga! RT ""@wigga32: If she puts up with you it's because she loves you, now make it worth her while&amp; love her back&#8230;",not_hate
It doesn't matter what platform you are on you're all thicker than a whale omelette and you need to go back to the drawing board if you want to get under my skin. LOLLERS.,not_hate
louisiana house passes bill to block removal of historical monuments via,not_hate
"@PrisonPlanet Paul, thank you again for making a great video as always.  ",not_hate
"How is it so hard for people to grasp?  Those who won the last and greatest war this world has known, now control the world?",not_hate
I thought she was albino tho &#128563;,not_hate
"The need for judge Kavanaugh confirmation is critical for the plan. He makes a solid 5-4 vote in the SC for future challenges! This was their weak attempt ""to send a message"".",not_hate
RT @ArthurSchwartz:  ,not_hate
charlottesville = just a bunch of hipster millenials play fighting  result of too much game of thrones watching,not_hate
the real optics disaster,not_hate
I love wearing fuzzy socks to work,not_hate
Happy 2018!,not_hate
" the  "" white house "" "" and "" "" the white resister "" "" united with ukraine against russia ... how adolf hitler . * lol * """,not_hate
Taria the filterless sis.dari the angelic sis.im the big bro lol and jigg lil bro&#128553;,not_hate
i'm happy we all took the red pill ! #maga #americafirst #alllivesmatter,not_hate
"Do girls wear bathrobes still cuz I have really cute fuzzy $60 bathrobe from Victorias Secret, is that even ok to wear &#128589;",not_hate
@_BradleyC skate 2 trash :(:( skate 3 had goat DLC,not_hate
i applaud your work . i love all cultures  but i love mine the most . the white hate must stop . i'm proud of my heritage .,not_hate
" yes  he did . i saw the video of him where he said   "" kkk  neo-nazis  white supremacists and other hate groups ... "" "" """,not_hate
actually  the antifa attacked a peaceful gathering . we have pics and videos .,not_hate
RT @PapaRockk_: My mom paid $5 to hold this monkey &amp; look what he did &#128553;&#128514; http://t.co/t5ZkMd8Xeh,not_hate
Kanyeeeeeee is just a yard ape acting idiot!just stupid...,not_hate
are you inviting me on a helicopter ? you white supremacists are so generous !,not_hate
"@toddgunter This, this, this. Pack it up and head to NYC, please. Enjoy being called a hick for a few years, come home humbled. #plans",not_hate
blue eyed boy of rss / bjp is invariably found in wrong company .,not_hate
"http://actoneprogram.com  Don't give up on Hollywood, they have the worlds attention, hours per day. Instead view it as a mission. Building a school in Africa is important and helps that community. Making Christian film and TV helps the world. Hollywood is spiritual warfare, let's train more fighters! #film #gabfilm #movie #TV #Hollywood #media",not_hate
"When people really think I'm Asian I get offended,
Even though I make fun of my gook self",not_hate
yelling i hate white people and punching one isnt a hate crime  canadian judge rules via,not_hate
face facts : white people rock ! :,not_hate
"@SMLBound cracker jack work, cdc - did ya think of checking THE PLANE FULL OF PEOPLE?",not_hate
Secret service needs to make a public spectacle of paying her a visit.,not_hate
" 71 - year-old austrian doctor sentenced for  "" holocaust denial "" "" | read more : """,not_hate
"Even if that were true, I'd take the risk over living an empty life, alone with nothing to leave on this earth.",not_hate
i hate white people who think non-white people are the source of their problems .,not_hate
"Charlie Crist and Rick Scott are both scumbags, however interesting that Crist has yet to run one, just one, positive political ad.",not_hate
"This is subjugating the wisdom of God to your own wisdom. To believe that we can understand why He does what He does would necessarily make Him much smaller than He is. We might get a glimpse, but full understanding is not possible in our current capacity. Expecting it is folly.",not_hate
https://www.youtube.com/watch?v=c35h96wvNOs  Sir Adamantine birthday livestream,not_hate
the left is also the party of stomping white supremacists when they show themselves too !,not_hate
Yankees getting killed,not_hate
politics history and videya are my hobbycalling people racist with no claim is not unlike you,not_hate
@OriginvlEpic in the trash,not_hate
did they steal these signs from antifa ?,not_hate
republican congress are the ones undermining the white house,not_hate
"Flutter + Dart, new Mobile App SDK. Gonna check into this real soon.",not_hate
"RT @MizzCreme: Her being albino isn't the problem. Its that gut, that hair, and that fish net she decided to wear. Sooo many things wrong w&#8230;",not_hate
" rt : . of  "" if there's one thing worth fighting for it's the right to life "" "" #theyfeelpain """,not_hate
it will eventually be blamed on cis white racist patriarchy,not_hate
creative loafing on tom watson rally : georgia creative loafing in atlanta has written an article about the tom ...,not_hate
#Lectionary up. https://blog.pukeko.net.nz/2018/08/27/make-heresy-...,not_hate
" I get it. Feinstein got it from another who isn't on the committee and she sat on it for 6 weeks. The fact that it's a bold face lie, is out. But Feintsein won't get punished for this because she didn't receive the letter directly from sender. Minor technicality? Or safe harbor? Interesting.",not_hate
"Under Obamas rule, The Constitution has been overwritten",not_hate
somebody take these Oreos away from me before I eat the whole pack,not_hate
"Well 5 times I’ve ask @twitter to explain my case for suspension from twitter, still not one bit of proof of anything just a generic email, fucking jokers ",not_hate
@Dswizzle3 @Dswizzle boy u look like big bird off of sesame street,not_hate
2 adult human skulls found in trash http://t.co/VcsNP9ejV9,not_hate
Tomorrow's agenda: bake brownies &amp; visit a couple open house.,not_hate
Jihadis specifically asking for international schools in #Saudi to be targeted #RealThreat http://t.co/NV5qbZaviv,not_hate
"I've just watched Keeper of the Flame (1943) for the first time.  As a movie it isn't brilliant, but it blew my mind!  I won't write any spoilers, but 75 years later it seems that the more things change the more they stay the same.  Someone could remake the hell out of this movie right now and it would be totally relevant and contemporary.  It's 100 minutes - give it a go!",not_hate
the white ghetto : kentucky national reviewhas a new article on poor white southerners in greater appalachia : ...,not_hate
planned parenthood performs no function that cant be performed at a local clinic .,not_hate
to speak at #prolifecon : #marchforlife #tcot #ccot #prolife,not_hate
I love how these slimeballs start every one of their brain farts with a little condescending catchphrase. In the end takes like this just show you how heartless and void of any redeeming value they are.,not_hate
"images that can be photoshopped, if  there is no video not valid, also videos can be changed also.",not_hate
Good way to spend time surfing the web!: http://www.qqkompas.net,not_hate
"#Turkish president Erdogan warned that the world may be heading towards a #war between the cross and the crescent, responding to recent measures #Austria took against #jihadism. https://kek.gg/u/mQDR https://kek.gg/u/WhQP",not_hate
"@PlannedSickDays hey, do you have that screen shot of djk's wiki page being updated regarding the trash can incident?",not_hate
3 ) what's said is that the ted cruz southern baptist type denied it at first  rejected the idea  but ...,not_hate
pretty girls wit bird brains....what a waste smh,not_hate
RT @MaryWCVB: Congressional Hopeful Richard Tisei stops in at Baker's Swampscott Rally. But still no Charlie. #wcvb http://t.co/uycfEng3B9,not_hate
Officers and personnel of the 1472nd Naval Clinical Hospital of the Russian Ministry of Defense rewarded for the occupation of #Crimea https://informnapalm.org/en/officers-and-personnel-of-the-1472nd-naval-clinical-hospital-of-the-russian-ministry-of-defense-rewarded-for-the-occupation-of-crimea/,not_hate
gvt is an asskicker for sure,not_hate
"RT @KatiePavlich: Now go take out the trash &#8220;@sdoocy: . Today I was #outnumbered, but thankfully not #dismembered! Thanks, Ladies http://t.&#8230;",not_hate
"RT @NFLonFOX: Palmer to Fitzgerald - TOUCHDOWN! 

7-yard slant gives Arizona the 7-0 lead.

8 plays, 79 yds",not_hate
@TG_Hawks #yellow &#127773;,not_hate
again  prove your claim.are you vile people now claiming stalin was a jew ?,not_hate
"@DizzyBala God awful, and that dude is Dorian / eggplant black.",not_hate
"Look under every stone, always a few vermin.",not_hate
white people are racist against other white people . talk about being indoctrinated !,not_hate
Right back atcha!  Way to go Pres Trump!,not_hate
Woah Supreme Court Ruling on Pricacy vs 3rd Party Data Miners - Listen: #LionelNation🇺🇸Immersive Live Stream: Breaking & Broken News https://youtu.be/8EmNKvajb9Q via @YouTube,not_hate
&#8220;@_LoveCarolina_: My Lakers are going to be so trash this season I can't wait &#128588;&#128079;&#128530;&#8221; :(,not_hate
Esoteric Hollywood II: Sample Section – Hollywood MK Ultra & Dr. John C. Lilly  https://jaysanalysis.com/2018/01/02/esoteric-hollywood-ii-sample-section-hollywood-mk-ultra-dr-john-c-lilly/,not_hate
maybe and are right about jewish influence in the media . what do you think ?,not_hate
what's your problem with other people of color,not_hate
#FireCashman Why?? Because I am having to root for the Royals in October. #Yankees,not_hate
"Well, I'll certainly drink to that!",not_hate
but is it ? this is what the media is reporting .,not_hate
Good question to ask the DINOSAURS.  Wasn't their demise the result of a direct hit on earth by a asteroid?,not_hate
You have to admit the Clinton's are problem solvers. If President Trump used their methods of damage control Mueller would not have anyone to target and he'd be pilloried in the press and media like Ken Star was.,not_hate
teens who remain abstinent are much healthier on many fronts than their sexually active peers .,not_hate
https://www.poolcoversinc.com/Articles/SwimmingPoolCoversinFresnoIsOneBetterThan.aspx: This is a great article that tells about how pool covers in Fresno and cities around the area are #swimming_pool_covers_Fresno #pool_covers_Fresno #swimming_pool_covers,not_hate
Sounds like one reasonable proposition  ,not_hate
"@hodlDRGN Not interested in secrets my friend. Secrets always turn out to be just ideas. We all have a hundred a day. They have zero value. If I'm wrong, and you have a product, then please correct me. https://kek.gg/u/f3sz",not_hate
"When you google Bob Hugin, Republican candidate for senator in NJ, Google lists the incorrect twitter profile, and it's empty 🤔",not_hate
RT @TheRisingStar23: Shy Glizzy Decent Af,not_hate
now time to find the monkey term scripts!,not_hate
Overripe eggplants are not good eats. #UNCLEtweet,not_hate
Nonsense.  So why does the Sun behave like this in Antarctican summer?,not_hate
why you so white,not_hate
do you have that in units of self-reference per minute of speaking?,not_hate
and thats white supremacy in a nutshell .,not_hate
How in the world ARE koalas getting chlamydia?,not_hate
Thank you sharing your storry !  Family comes first allways ! 👨‍👩‍👧‍👦❤️🌅⚜️,not_hate
how many are white men with asian women .,not_hate
"I wonder if Bezos, Dorsey, Zuckerberg, et al, realize that they're becoming the Evil MegaCorporations depicted throughout Science Fiction. #TyrellCorp #WeylandYutani #InTheFutureAllRestaurantsAreTacoBell... just to name a few.",not_hate
Literally in the middle of the ghetto and these people look scary,not_hate
"@wbpictures no, i do not wish to spend $40+ to go to a filthy theatre and watch a fuzzy screen with bad sound. #ANNABELLE",not_hate
"RT @ProBirdRights: i see you again didn't election bird for government, america. that okay. i guess i just take this free cookie for everyo&#8230;",not_hate
Bayer #Gabgardeners,not_hate
what policies are white supremacist ?,not_hate
"RT @JStac825: There's coon classic (R. Kelly, Usher) and then there's classic (Stevie Wonder, Prince). Not that there's anything wrong with&#8230;",not_hate
" email update published with o yuki conjugate  "" tropic "" "" lp and cd """,not_hate
@WarriorRN61 @mrgeology you inferred he tried to ho to Nam. He did not. He dodged it. He is no great leader.,not_hate
The bengals have been trash for like 5 weeks it seems,not_hate
the whole abrahamic systems is built on hate  jews  chrstians  & muslims must kill the innocent to,not_hate
when everyone is celebrating diwali with family  ji is spending time with soldiers #iamwithmodi,not_hate
If people really feel the need to go to these places go as an observer & record them. Put on a journalist hat. Then post these nut jobs all over social media. Best way to sell it to your normies & gain momentum.,not_hate
don't forget us white folk lol,not_hate
@GENUG are you “my GENUG” (alaTwitter?). There can’t be two!,not_hate
"You should get in contact with @e because he is the tech guy here, not Torba.",not_hate
"Virtually zero protections for LGBTQ persons in Alabama. Not a lot of acceptance, either. Think about queer Alabamian kids today?",not_hate
Stop rt'ing Celtics trash please,not_hate
&#8220;@butter_obama: I hate when I attempt to make the yellow light but the car infront of me stops at the light &#128545;&#128545;&#128545;&#8221;&#8252;&#65039; I be wanting to fight&#128514;,not_hate
I agree 100%...He is a good man.,not_hate
@rbigwood @GameOfArmsAMC of course! Win or lose you always had the most exciting matches. Spilt blood and all and you aren't a trash talker!,not_hate
the contempt of conservatives for the poor  especially poor whites  is disgusting .,not_hate
what ever happens  the alt-right will always win !,not_hate
Watch this video if you truly want the truth ,not_hate
fair is racist . is it a hate group ? you decide -->,not_hate
"Dr. Jane Smith Wholeness Group: 5 recent, key events are shaping the natural healing, wellness, and clean eating move.",not_hate
"Do your mommy and daddy know you’re on here? If you can’t be trusted to stay on YouTube Kids, they’ll put a parental lock on!!",not_hate
RT @donnellrawlings: Salute to Derek jetter! Best Yankee ever!,not_hate
if interested in knowing the real issues ; problems ; social sentiments of muslims in india ; pls see our previous surveys done for the week .,not_hate
hate group president protecting anti-gay discrimination in america will ' give the world hope ',not_hate
now show the whole clip where she was about to start throwing punches on people in that pile . she was there to do battle  she got it .,not_hate
PND is my jigga man.,not_hate
"RT @seanmdav: Since I know you're wondering, @blakehounshell: No, Cracker Barrel is not a place to buy barrels full of crackers.",not_hate
"jig levitating RT @mashable: Samsung made fun of #Bendgate. Now the Galaxy Note 4 fails, too. http://t.co/aJFlpcj7yR http://t.co/aSVspIQXmH",not_hate
stand up for true tolerance  gov already allows quakers religious freedom not to fight why not refusal to sell cupcakes ?,not_hate
women and white nationalism  redux : does the white nationalist movement need to include women ? weve discussed ...,not_hate
military freedom of religion,not_hate
outside that mike downs poll  there is not one sign that cruz will win indiana . polls / insider scoop etc . suggest trump at this point .,not_hate
"The same folks who think an #LGBT parade is actually a parade, but not a military parade. The world is indeed insane. Officially",not_hate
